src_ip,src_port,dst_ip,dst_port,protocol,requested_server_name,application_name
192.168.0.101,59368,120.204.0.25,80,6,extshort.weixin.qq.com,HTTP.QQ
192.168.0.101,53701,192.168.1.1,53,17,ins-mbckwsy9.ias.tencent-cloud.net,DNS
192.168.0.101,62079,36.155.249.30,443,6,,TLS.QQ
192.168.0.101,63481,192.168.1.1,53,17,pbaccess.video.qq.com,DNS.QQ
192.168.0.101,62084,36.155.163.111,443,6,snowflake.qq.com,TLS.QQ
192.168.0.101,61261,192.168.1.1,53,17,ins-pe24hspk.ias.tencent-cloud.net,DNS
192.168.0.101,62086,36.155.228.69,443,6,,TLS.QQ
192.168.0.100,12476,255.255.255.255,12476,17,,Unknown
192.168.0.101,59367,120.204.0.25,80,6,extshort.weixin.qq.com,HTTP.QQ
192.168.0.101,62089,36.155.163.111,443,6,snowflake.qq.com,TLS.QQ
192.168.0.101,59377,120.204.0.25,80,6,extshort.weixin.qq.com,HTTP.QQ
192.168.0.101,49726,192.168.1.1,53,17,iacc.rec.qq.com,DNS.QQ
192.168.0.101,57206,192.168.1.1,53,17,oth.eve.mdt.qq.com,DNS.QQ
192.168.0.101,60165,192.168.1.1,53,17,ios.rqd.qq.com,DNS.QQ
192.168.0.101,53915,192.168.1.1,53,17,h.trace.qq.com,DNS.QQ
192.168.0.101,62095,120.232.131.197,443,6,,TLS.QQ
192.168.0.101,62096,36.155.228.170,443,6,rdelivery.qq.com,TLS.QQ
192.168.0.101,51675,192.168.1.1,53,17,www.qq.com,DNS.QQ
192.168.0.101,59383,120.204.207.186,443,6,,TLS
192.168.0.101,49750,192.168.1.1,53,17,rmonitor.qq.com,DNS.QQ
192.168.0.101,58496,192.168.1.1,53,17,v.qq.com.sched.px-dk.tdnsv6.com,DNS
192.168.0.101,62081,119.29.29.98,80,6,119.29.29.98,HTTP
192.168.0.101,59386,36.155.163.112,80,6,iacc.qq.com,HTTP.QQ
192.168.0.101,62085,183.194.237.220,443,6,disp-qryapi.3g.qq.com,TLS.QQ
192.168.0.101,58296,192.168.1.1,53,17,ins-giuzhgwa.ias.tencent-cloud.net,DNS
192.168.0.101,59379,183.247.246.229,443,6,rmonitor.qq.com,TLS.QQ
192.168.0.101,65442,36.155.163.112,443,17,,QUIC
192.168.0.101,51350,192.168.1.1,53,17,v.qq.com,DNS.Tencentvideo
192.168.0.101,65280,120.232.131.191,443,17,,QUIC
192.168.0.101,57530,192.168.1.1,53,17,v.qq.com,DNS.Tencentvideo
192.168.0.101,58316,192.168.1.1,53,17,ins-eeww7kom.ias.tencent-cloud.net,DNS
192.168.0.101,64205,192.168.1.1,53,17,iacc.rec.qq.com,DNS.QQ
192.168.0.101,62103,36.155.163.112,443,6,,TLS.QQ
192.168.0.101,62091,223.109.114.182,443,6,v.qq.com,TLS.Tencentvideo
192.168.0.101,58069,36.155.205.219,443,17,iacc.qq.com,QUIC.QQ
192.168.0.101,64990,192.168.1.1,53,17,ins-mpekxqf9.ias.tencent-cloud.net,DNS
192.168.0.101,62104,120.241.130.240,443,6,,TLS.QQ
192.168.0.101,59382,211.136.109.23,8080,6,,HTTP_Proxy
192.168.0.101,62106,113.108.81.190,80,6,p.l.qq.com,HTTP.QQ
192.168.0.101,62102,111.48.210.245,8081,6,,Unknown
192.168.0.101,60316,192.168.1.1,53,17,xs.gdt.qq.com,DNS.QQ
192.168.0.101,59385,36.155.163.112,80,6,iacc.qq.com,HTTP.QQ
192.168.0.101,62026,192.168.1.1,53,17,xs.gdt.qq.com,DNS.QQ
192.168.0.101,56045,192.168.1.1,53,17,ins-6l809l93.ias.tencent-cloud.net,DNS
192.168.0.101,62111,182.254.63.19,443,6,xs.gdt.qq.com,TLS.QQ
192.168.0.101,51300,192.168.1.1,53,17,tgwsc.qq.com,DNS.QQ
192.168.0.101,52641,192.168.1.1,53,17,vmmp.qpic.cn,DNS
192.168.0.101,62105,120.232.131.191,443,6,,TLS.QQ
192.168.0.101,53271,192.168.1.1,53,17,vmmp.qpic.cn,DNS
192.168.0.101,59390,36.155.228.170,443,6,rdelivery.qq.com,TLS.QQ
192.168.0.101,58521,192.168.1.1,53,17,pgdt.tc.qq.com,DNS.QQ
192.168.0.101,62110,182.254.63.19,443,6,xs.gdt.qq.com,TLS.QQ
192.168.0.101,54156,192.168.1.1,53,17,apd-pcdnvodstat.teg.tencent-cloud.net,DNS
192.168.0.101,59369,120.204.0.25,80,6,extshort.weixin.qq.com,HTTP.QQ
192.168.0.101,59060,192.168.1.1,53,17,pgdt.tc.qq.com,DNS.QQ
192.168.0.101,59111,192.168.1.1,53,17,tips.video.qq.com,DNS.QQ
192.168.0.101,59373,36.155.189.20,80,6,,HTTP
192.168.0.101,55745,192.168.1.1,53,17,tv.puui.qpic.cn,DNS
192.168.0.101,56756,192.168.1.1,53,17,vmmp.qpic.cn.sched.legopic1-dk.tdnsv6.com,DNS
192.168.0.101,59374,120.204.0.25,80,6,extshort.weixin.qq.com,HTTP.QQ
192.168.0.101,62117,112.29.158.188,443,6,vmmp.qpic.cn,TLS
192.168.0.101,58426,36.131.201.74,443,17,tv.puui.qpic.cn,QUIC
192.168.0.101,62118,223.113.137.181,80,6,pgdt.gtimg.cn,HTTP
192.168.0.101,0,36.131.201.74,0,1,,ICMP
fe80::c78:edc1:fcb7:8363,59105,fe80::90c4:70be:13ae:cebd,53319,6,,TLS
192.168.0.101,59375,111.41.49.182,443,17,tv.puui.qpic.cn,QUIC
192.168.0.101,60896,192.168.1.1,53,17,ins-t0axqu61.ias.tencent-cloud.net,DNS
192.168.0.101,55893,192.168.1.1,53,17,guzzoni-apple-com.v.aaplimg.com,DNS.Apple
192.168.0.101,63827,192.168.1.1,53,17,ins-diu1q33u.ias.tencent-cloud.net,DNS
192.168.0.101,62119,36.155.164.119,443,6,tips.video.qq.com,TLS.QQ
192.168.0.101,50511,192.168.1.1,53,17,ins-ez3g70py.ias.tencent-cloud.net,DNS
192.168.0.101,58457,192.168.1.1,53,17,rmonitor.qq.com,DNS.QQ
192.168.0.101,62121,117.185.137.148,443,6,ilive.qq.com,TLS.QQ
192.168.0.101,59366,140.143.177.246,443,6,guzzoni.apple.com,TLS.AppleSiri
192.168.0.101,62124,36.155.163.111,443,6,snowflake.qq.com,TLS.QQ
192.168.0.101,52667,192.168.1.1,53,17,disp-qryapi.3g.qq.com,DNS.QQ
192.168.0.101,58190,192.168.1.1,53,17,ins-nwww3do8.ias.tencent-cloud.net,DNS
192.168.0.101,59372,221.181.99.18,443,6,,TLS
192.168.0.101,59392,120.204.207.106,8618,6,,RTMP
192.168.0.101,62082,183.247.246.67,443,6,rmonitor.qq.com,TLS.QQ
192.168.0.101,65295,192.168.1.1,53,17,ins-nwww3do8.ias.tencent-cloud.net,DNS
192.168.0.101,65488,192.168.1.1,53,17,h.trace.qq.com,DNS.QQ
192.168.0.101,49346,192.168.1.1,53,17,ltscsy.qq.com,DNS.QQ
192.168.0.101,61857,192.168.1.1,53,17,rdelivery.qq.com,DNS.QQ
192.168.0.101,59393,112.53.3.233,443,6,appcfg.v.qq.com,TLS.Tencentvideo
192.168.0.101,59093,192.168.0.106,53285,6,,TLS
192.168.0.101,61064,192.168.1.1,53,17,guzzoni-apple-com.v.aaplimg.com,DNS.Apple
fe80::c78:edc1:fcb7:8363,5353,ff02::fb,5353,17,_airplay._tcp.local,MDNS
192.168.0.101,62087,36.155.163.124,443,6,,TLS.QQ
192.168.0.101,7758,36.150.103.132,30851,17,,Unknown
192.168.0.101,59378,183.247.246.67,443,6,rmonitor.qq.com,TLS.QQ
192.168.0.101,62070,17.57.145.133,5223,6,,TLS
192.168.0.101,65046,192.168.1.1,53,17,v.terrific.qq.com,DNS.QQ
192.168.0.101,60047,192.168.1.1,53,17,oth.str.mdt.qq.com,DNS.QQ
192.168.0.101,59400,112.53.42.187,14303,6,,Unknown
192.168.0.101,62088,36.155.228.170,443,6,rdelivery.qq.com,TLS.QQ
192.168.0.101,59371,120.204.0.25,80,6,short.weixin.qq.com,HTTP.QQ
192.168.0.101,61966,223.113.137.215,443,17,m.v.qq.com,QUIC.Tencentvideo
192.168.0.101,59628,36.155.251.34,443,17,pbaccess.video.qq.com,QUIC.QQ
192.168.0.101,5353,224.0.0.251,5353,17,_airplay._tcp.local,MDNS
192.168.0.101,56173,192.168.1.1,53,17,iacc.stgw.qq.com,DNS.QQ
192.168.0.101,52154,192.168.1.1,53,17,appcfg.v.qq.com,DNS.Tencentvideo
192.168.0.101,62131,183.194.190.61,443,6,vv6.play.ott.video.qq.com,TLS.QQ
192.168.0.101,59332,192.168.1.1,53,17,vv.video.qq.com,DNS.QQ
192.168.0.101,63180,192.168.1.1,53,17,tv6.ott.video.qq.com,DNS.QQ
192.168.0.101,63063,192.168.1.1,53,17,ins-vfvdrqqu.ias.tencent-cloud.net,DNS
192.168.0.101,59375,112.53.1.126,443,6,appcfg.v.qq.com,TLS.Tencentvideo
192.168.0.101,35161,112.60.1.30,8002,17,,Unknown
192.168.0.101,60317,192.168.1.1,53,17,vv.video.qq.com,DNS.QQ
192.168.0.101,50745,192.168.1.1,53,17,api6.poll.video.qq.com,DNS.QQ
192.168.0.101,55753,192.168.1.1,53,17,config.ab.qq.com,DNS.QQ
192.168.0.101,59376,223.109.215.27,80,6,minorshort.weixin.qq.com,HTTP.QQ
192.168.0.101,62132,183.194.204.26,443,6,tv6.video.qq.com,TLS.QQ
192.168.0.101,62090,36.155.163.111,443,6,snowflake.qq.com,TLS.QQ
192.168.0.101,62126,183.194.204.26,443,6,api6.poll.video.qq.com,TLS.QQ
192.168.0.101,58053,192.168.1.1,53,17,v6-accvideo.wns.qq.com,DNS.QQ
192.168.0.1,1900,239.255.255.250,1900,17,239.255.255.250:1900,SSDP
192.168.0.101,35161,223.90.188.228,22372,17,,Unknown
192.168.0.101,62092,36.155.228.170,443,6,rdelivery.qq.com,TLS.QQ
192.168.0.101,35161,120.241.139.217,18888,17,,Unknown
192.168.0.101,56070,182.254.63.121,443,17,iacc.stgw.qq.com,QUIC.QQ
192.168.0.101,62077,111.48.141.25,443,6,h.trace.qq.com,TLS.QQ
192.168.0.101,55911,192.168.1.1,53,17,puui.qpic.cn,DNS
192.168.0.101,59380,221.181.97.220,80,6,vv.video.qq.com,HTTP.QQ
192.168.0.101,50430,192.168.1.1,53,17,ins-pg0yhk52.ias.tencent-cloud.net,DNS
192.168.0.101,63415,36.155.249.30,443,17,i.video.qq.com,QUIC.QQ
192.168.0.101,60569,192.168.1.1,53,17,ins-mbckwsy9.ias.tencent-cloud.net,DNS
192.168.0.101,7758,120.241.70.212,30851,17,,Unknown
192.168.0.101,58617,192.168.1.1,53,17,vi.bls.mdt.qq.com,DNS.QQ
192.168.0.101,35161,223.109.209.244,13485,17,,Unknown
192.168.0.101,62093,36.155.228.170,443,6,rdelivery.qq.com,TLS.QQ
192.168.0.101,64507,36.155.205.219,443,17,,QUIC
192.168.0.101,0,223.113.137.215,0,1,,ICMP
192.168.0.101,59384,211.136.109.23,8080,6,,HTTP_Proxy
192.168.0.101,35161,112.60.1.126,8005,17,,Unknown
192.168.0.101,55468,192.168.1.1,53,17,aedns.weixin.qq.com,DNS.QQ
192.168.0.101,65019,192.168.1.1,53,17,disp-qryapi.3g.qq.com,DNS.QQ
192.168.0.101,54616,192.168.1.1,53,17,pay.video.qq.com,DNS.QQ
192.168.0.101,58167,192.168.1.1,53,17,iacc.qq.com,DNS.QQ
192.168.0.101,35161,111.19.115.208,26947,17,,Unknown
192.168.0.101,62094,120.241.130.172,443,6,,TLS.QQ
192.168.0.101,62080,119.29.29.98,80,6,119.29.29.98,HTTP
192.168.0.101,53606,192.168.1.1,53,17,content.rconfig.qq.com,DNS.QQ
192.168.0.101,52152,192.168.1.1,53,17,iacc.qq.com,DNS.QQ
192.168.0.101,35161,112.60.1.50,8021,17,,Unknown
192.168.0.101,62100,111.48.141.98,8081,6,,Unknown
192.168.0.101,62083,36.155.205.219,443,6,,TLS.QQ
192.168.0.101,60756,192.168.1.1,53,17,amp-api-edge-lb.itunes-apple.com.akadns.net,DNS
192.168.0.101,56172,192.168.1.1,53,17,ins-alu6339o.ias.tencent-cloud.net,DNS
192.168.0.101,62800,192.168.1.1,53,17,safebrowsing.googleapis.com,DNS.GoogleServices
192.168.0.101,59387,117.185.247.73,8080,6,aedns.weixin.qq.com,HTTP_Proxy.QQ
192.168.0.101,64414,192.168.1.1,53,17,rdelivery.qq.com,DNS.QQ
192.168.0.101,62142,36.155.227.64,443,6,content.rconfig.qq.com,TLS.QQ
192.168.0.101,59389,183.192.194.120,8080,6,,HTTP_Proxy
192.168.0.101,50735,192.168.1.1,53,17,safebrowsing.googleapis.com,DNS.GoogleServices
192.168.0.101,59388,183.232.91.107,443,6,tgwsc.qq.com,TLS.QQ
192.168.0.101,50409,192.168.1.1,53,17,config.ab.qq.com,DNS.QQ
192.168.0.101,62143,109.244.191.57,443,6,szmg.qq.com,TLS.QQ
192.168.0.101,56397,192.168.1.1,53,17,p.l.qq.com,DNS.QQ
192.168.0.101,62136,113.108.81.184,80,6,livep.l.qq.com,HTTP.QQ
192.168.0.101,50203,192.168.1.1,53,17,p.l.qq.com,DNS.QQ
192.168.0.101,62097,36.155.205.119,443,6,config.ab.qq.com,TLS.QQ
192.168.0.101,50806,192.168.1.1,53,17,ins-34k401ta.ias.tencent-cloud.net,DNS
192.168.0.101,62107,113.108.81.190,80,6,p.l.qq.com,HTTP.QQ
192.168.0.101,52170,223.113.137.215,443,17,m.v.qq.com,QUIC.Tencentvideo
192.168.0.101,62108,182.254.63.19,443,6,xs.gdt.qq.com,TLS.QQ
192.168.0.101,62098,120.204.2.221,8081,6,,Unknown
36.143.4.160,0,192.168.0.101,0,1,,ICMP
192.168.0.101,62112,182.254.63.19,443,6,xs.gdt.qq.com,TLS.QQ
192.168.0.101,62139,111.48.72.184,443,6,cdn-go.cn,TLS
192.168.0.101,62113,182.254.63.19,443,6,xs.gdt.qq.com,TLS.QQ
192.168.0.101,62099,183.194.237.220,443,6,disp-qryapi.3g.qq.com,TLS.QQ
192.168.0.101,58171,192.168.1.1,53,17,info6.video.qq.com,DNS.QQ
192.168.0.101,61657,192.168.1.1,53,17,gif.media.qpic.cn,DNS
192.168.0.101,65230,192.168.1.1,53,17,cdn-go.cn.cloud.tc.qq.com,DNS.QQ
192.168.0.101,63503,192.168.1.1,53,17,gif.media.qpic.cn,DNS
192.168.0.101,56257,183.194.190.173,443,17,iacc.rec.qq.com,QUIC.QQ
192.168.0.101,61356,192.168.1.1,53,17,info4.video.qq.com,DNS.QQ
192.168.0.101,62115,120.204.207.155,443,6,vv.video.qq.com,TLS.QQ
192.168.0.101,52250,192.168.1.1,53,17,rumt-zh.com,DNS
192.168.0.101,56573,192.168.1.1,53,17,tips.video.qq.com,DNS.QQ
192.168.0.101,59381,120.204.207.186,443,6,,TLS
192.168.0.101,59409,112.60.14.14,443,6,info4.video.qq.com,TLS.QQ
192.168.0.101,59947,192.168.1.1,53,17,pgdt.gtimg.cn.sched.legopic2-dk.tdnsv6.com,DNS
192.168.0.101,60445,192.168.1.1,53,17,pay.video.qq.com,DNS.QQ
192.168.0.101,56833,192.168.1.1,53,17,ilive.qq.com,DNS.QQ
192.168.0.101,62101,111.48.210.245,8081,6,,Unknown
192.168.0.101,55241,192.168.1.1,53,17,cloud.tgpa.qq.com,DNS.QQ
192.168.0.101,50232,192.168.1.1,53,17,hpalcvha.sched.sma-dk.tdnsstic1.cn,DNS
192.168.0.101,59685,192.168.1.1,53,17,kqe2f4dz.sched.d0-dk.tdnsdp1.cn,DNS
192.168.0.101,64768,192.168.1.1,53,17,api.ilive.qq.com,DNS.QQ
192.168.0.101,58051,120.241.130.240,443,17,,QUIC
192.168.0.101,61781,192.168.1.1,53,17,api-adservices.apple.com,DNS.Apple
192.168.0.101,62123,117.185.137.148,443,6,ilive.qq.com,TLS.QQ
192.168.0.101,60150,192.168.1.1,53,17,ins-9o94331w.ias.tencent-cloud.net,DNS
192.168.0.101,64053,192.168.1.1,53,17,broker.tips.gz.tencent.com,DNS
192.168.0.101,62109,182.254.63.19,443,6,xs.gdt.qq.com,TLS.QQ
192.168.0.101,58036,192.168.1.1,53,17,iadsdk.qtlcdn.com,DNS
192.168.0.101,59394,223.109.42.123,61762,6,,Unknown
192.168.0.101,62146,113.108.81.184,80,6,livep.l.qq.com,HTTP.QQ
192.168.0.101,51908,192.168.1.1,53,17,tab.video.qq.com,DNS.QQ
192.168.0.101,61689,192.168.1.1,53,17,tv.puui.qpic.cn,DNS
192.168.0.101,59401,117.135.139.23,443,6,richmedia.video.qq.com,TLS.QQ
192.168.0.106,49307,239.255.255.250,1900,17,239.255.255.250:1900,SSDP
192.168.0.101,65173,192.168.1.1,53,17,x.research.qq.com,DNS.QQ
192.168.0.101,62114,182.254.63.19,443,6,xs.gdt.qq.com,TLS.QQ
192.168.0.101,62127,183.194.204.32,443,6,api6.poll.video.qq.com,TLS.QQ
192.168.0.101,35161,36.143.4.160,7832,17,,Unknown
192.168.0.101,20312,36.158.240.16,60851,17,,Unknown
192.168.0.101,63454,192.168.1.1,53,17,406444.sched.legopic2-dk.tdnsv6.com,DNS
192.168.0.101,60447,192.168.1.1,53,17,m.v.qq.com,DNS.Tencentvideo
192.168.0.101,35161,117.144.240.184,11065,17,,Unknown
192.168.0.101,59402,120.220.148.139,80,6,ltscsy.qq.com,HTTP.QQ
192.168.0.101,62116,110.219.129.53,443,6,gif.media.qpic.cn,TLS
192.168.0.101,35161,120.241.139.217,8000,17,,Unknown
192.168.0.101,62147,111.48.210.245,8081,6,,Unknown
192.168.0.101,0,239.255.255.250,0,2,,IGMP
192.168.0.101,62120,111.41.49.182,443,6,,TLS
192.168.0.101,35161,120.241.139.217,55850,17,,Unknown
192.168.0.101,56620,192.168.1.1,53,17,info6.video.qq.com,DNS.QQ
192.168.0.101,52423,192.168.1.1,53,17,ins-8npd4ftd.ias.tencent-cloud.net,DNS
192.168.0.101,55949,192.168.1.1,53,17,api.ilive.qq.com,DNS.QQ
192.168.0.101,65297,192.168.1.1,53,17,m.v.qq.sched.legopic2-dk.tdnsv6.com,DNS
192.168.0.101,49920,192.168.1.1,53,17,cdn-go.cn.sched.legopic1-dk.tdnsv6.com,DNS
192.168.0.101,63448,192.168.1.1,53,17,ins-ntlwjf3q.ias.tencent-cloud.net,DNS
192.168.0.101,62122,36.155.228.101,443,6,api.ilive.qq.com,TLS.QQ
192.168.0.101,57837,192.168.1.1,53,17,vv6.play.ott.video.qq.com,DNS.QQ
192.168.0.101,62150,182.254.63.19,443,6,xs.gdt.qq.com,TLS.QQ
192.168.0.101,61858,192.168.1.1,53,17,m.v.qq.com,DNS.Tencentvideo
192.168.0.101,50659,192.168.1.1,53,17,apd-vodp2plogin.teg.tencent-cloud.net,DNS
192.168.0.101,62128,183.194.204.26,443,6,api6.poll.video.qq.com,TLS.QQ
192.168.0.101,62152,183.194.189.246,443,6,playproxy.video.qq.com,TLS.QQ
192.168.0.101,35161,120.241.139.217,30011,17,,Unknown
192.168.0.101,59391,43.136.3.215,8883,6,,TLS
192.168.0.101,35161,39.148.117.161,59372,17,,Unknown
192.168.0.101,55805,192.168.1.1,53,17,iadsdk.qtlcdn.com,DNS
192.168.0.101,62808,192.168.1.1,53,17,punch.p2p.qq.com,DNS.QQ
192.168.0.101,53399,192.168.1.1,53,17,apd-vodp2pnat.teg.tencent-cloud.net,DNS
192.168.0.101,35161,120.204.3.202,11063,17,,Unknown
192.168.0.101,62155,17.188.23.85,443,6,api-adservices.apple.com,TLS.Apple
192.168.0.101,62129,183.194.204.26,443,6,api6.poll.video.qq.com,TLS.QQ
192.168.0.101,59395,112.60.22.63,24863,6,,Unknown
192.168.0.101,49976,223.113.137.181,443,17,m.v.qq.com,QUIC.Tencentvideo
192.168.0.101,62157,111.48.210.245,8081,6,,Unknown
192.168.0.101,56803,192.168.1.1,53,17,ins-0mg9728c.ias.tencent-cloud.net,DNS
192.168.0.101,14671,36.158.240.18,20851,17,,Unknown
223.90.188.228,0,192.168.0.101,0,1,,ICMP
192.168.0.101,0,120.241.139.217,0,1,,ICMP
192.168.0.101,35161,36.170.8.216,7203,17,,Unknown
192.168.0.101,59396,183.194.189.156,443,6,tab.video.qq.com,TLS.QQ
192.168.0.101,54397,192.168.1.1,53,17,livep.l.qq.com,DNS.QQ
112.32.32.58,0,192.168.0.101,0,1,,ICMP
192.168.0.101,55479,192.168.1.1,53,17,richmedia.video.qq.com,DNS.QQ
192.168.0.101,62133,36.151.217.71,80,6,puui.qpic.cn,HTTP
192.168.0.101,60183,192.168.1.1,53,17,puui.qpic.cn,DNS
192.168.0.101,20312,120.228.135.76,7313,17,,Unknown
192.168.0.101,55922,192.168.1.1,53,17,puui.qpic.cn.sched.legopic2-dk.tdnsv6.com,DNS
192.168.0.101,54363,192.168.1.1,53,17,livep.l.qq.com,DNS.QQ
192.168.0.101,20312,10.30.187.19,19666,17,,Unknown
192.168.0.101,56367,192.168.1.1,53,17,puui.qpic.cn.sched.legopic2-dk.tdnsv6.com,DNS
192.168.0.101,62063,192.168.1.1,53,17,v.gdt.qq.com,DNS.QQ
192.168.0.101,51849,192.168.1.1,53,17,tv6.ott.video.qq.com,DNS.QQ
192.168.0.101,62138,203.208.40.1,443,6,safebrowsing.googleapis.com,TLS.GoogleServices
192.168.0.101,62134,36.151.217.71,80,6,puui.qpic.cn,HTTP
192.168.0.101,51479,192.168.1.1,53,17,api6.poll.video.qq.com,DNS.QQ
192.168.0.101,58412,192.168.1.1,53,17,cdn-go.cn,DNS
192.168.0.101,59403,112.53.42.187,14303,6,,Unknown
192.168.0.101,55184,192.168.1.1,53,17,www.baidu.com,DNS
192.168.0.101,61037,192.168.1.1,53,17,cdn-go.cn,DNS
192.168.0.101,58305,239.255.255.250,1900,17,239.255.255.250:1900,SSDP
192.168.0.101,62125,183.194.204.66,443,6,tv6.ott.video.qq.com,TLS.QQ
192.168.0.101,59406,120.220.148.139,80,6,ltscsy.qq.com,HTTP.QQ
192.168.0.101,60638,192.168.1.1,53,17,cache.wuji.qq.com,DNS.QQ
192.168.0.101,60464,192.168.1.1,53,17,vv6.play.ott.video.qq.com,DNS.QQ
192.168.0.101,62144,109.244.191.57,443,6,szmg.qq.com,TLS.QQ
192.168.0.101,58768,192.168.1.1,53,17,cache.wuji.qq.com,DNS.QQ
192.168.0.101,61904,192.168.1.1,53,17,tv6.video.qq.com,DNS.QQ
192.168.0.101,35161,120.232.32.54,1863,17,,Unknown
192.168.0.101,62683,192.168.1.1,53,17,szmg.qq.com,DNS.QQ
192.168.0.101,62949,192.168.1.1,53,17,tv6.video.qq.com,DNS.QQ
192.168.0.101,59352,192.168.1.1,53,17,ioshost.qtlcdn.com,DNS
192.168.0.101,62140,36.150.160.140,443,6,cache.wuji.qq.com,TLS.QQ
192.168.0.101,62130,223.113.137.215,443,6,m.v.qq.com,TLS.Tencentvideo
192.168.0.106,49304,239.255.255.250,1900,17,239.255.255.250:1900,SSDP
192.168.0.101,60633,192.168.1.1,53,17,amp-api-edge-lb.itunes-apple.com.akadns.net,DNS
192.168.0.101,35161,112.53.47.167,8000,17,,Unknown
192.168.0.101,62148,183.194.189.81,443,6,tab.video.qq.com,TLS.QQ
192.168.0.106,49310,239.255.255.250,1900,17,239.255.255.250:1900,SSDP
192.168.0.101,35161,112.32.32.58,5314,17,,Unknown
192.168.0.101,54769,36.155.249.30,443,17,i.video.qq.com,QUIC.QQ
192.168.0.101,54143,192.168.1.1,53,17,info4.video.qq.com,DNS.QQ
192.168.0.101,35161,112.60.1.26,8019,17,,Unknown
192.168.0.101,64462,192.168.1.1,53,17,hc.tdm.qq.com,DNS.QQ
192.168.0.101,60723,192.168.1.1,53,17,ins-su28bvwf.ias.tencent-cloud.net,DNS
192.168.0.101,50989,192.168.1.1,53,17,v.gdt.qq.com,DNS.QQ
192.168.0.101,59757,192.168.1.1,53,17,playproxy.video.qq.com,DNS.QQ
192.168.0.101,1900,239.255.255.250,1900,17,239.255.255.250:1900,SSDP
192.168.0.101,62135,36.151.217.71,80,6,puui.qpic.cn,HTTP
192.168.0.101,62151,120.204.2.199,8013,6,hc.tdm.qq.com,TLS.QQ
192.168.0.101,64633,192.168.1.1,53,17,hc.tdm.qq.com,DNS.QQ
192.168.0.101,62137,117.144.246.151,80,6,v.gdt.qq.com,HTTP.QQ
192.168.0.101,53372,192.168.1.1,53,17,ins-59oh4t7q.ias.tencent-cloud.net,DNS
192.168.0.101,64983,192.168.1.1,53,17,playproxy.video.qq.com,DNS.QQ
192.168.0.101,62634,192.168.1.1,53,17,content.rconfig.qq.com,DNS.QQ
192.168.0.101,62154,36.155.205.241,443,6,cloud.tgpa.qq.com,TLS.QQ
192.168.0.101,60598,192.168.1.1,53,17,otheve.beacon.qq.com,DNS.QQ
192.168.0.101,61544,192.168.1.1,53,17,apponline.research.qq.com,DNS.QQ
192.168.0.101,59412,112.53.42.187,14303,6,,Unknown
192.168.0.101,57029,39.173.121.98,443,17,otheve.beacon.qq.com,QUIC.QQ
192.168.0.101,62141,120.226.165.120,443,6,rumt-zh.com,TLS
192.168.0.101,35161,120.241.139.217,55860,17,,Unknown
192.168.0.101,59407,183.194.190.61,80,6,pay.video.qq.com,HTTP.QQ
192.168.0.101,0,112.60.1.30,0,1,,ICMP
192.168.0.101,62145,112.17.53.45,443,6,amp-api-edge.apps.apple.com,TLS.Apple
192.168.0.101,55019,192.168.1.1,53,17,ioshost.qtlcdn.com,DNS
192.168.0.101,35161,36.143.4.160,7736,17,,Unknown
192.168.0.101,58289,192.168.1.1,53,17,ins-80ra37bv.ias.tencent-cloud.net,DNS
192.168.0.101,62149,112.53.1.213,443,6,appcfg.v.qq.com,TLS.Tencentvideo
192.168.0.101,0,36.155.249.30,0,1,,ICMP
192.168.0.101,59411,223.109.215.27,80,6,minorshort.weixin.qq.com,HTTP.QQ
192.168.0.101,61954,192.168.1.1,53,17,receiver.tdm.qq.com,DNS.QQ
192.168.0.101,62153,183.194.237.110,8013,6,receiver.tdm.qq.com,TLS.QQ
192.168.0.101,54644,192.168.1.1,53,17,api-adservices.apple.com,DNS.Apple
192.168.0.101,50374,192.168.1.1,53,17,iadsdk.qtlcdn.com.cdnmg.com,DNS
192.168.0.101,62156,103.31.171.247,443,6,ca.iadsdk.apple.com,TLS.Apple
192.168.0.1,1024,255.255.255.255,5001,17,,TargusDataspeed
10.20.35.215,61493,119.84.78.42,80,6,,HTTP
10.20.35.215,61620,39.156.54.66,80,6,39.156.54.66,HTTP
10.20.35.215,33336,61.128.114.133,53,17,checkappexec.microsoft.com,DNS.Microsoft
10.20.35.215,33335,61.128.114.133,53,17,doh.iqiyi.com,DNS.PPStream
10.20.35.215,33339,61.128.114.133,53,17,opportunarch.iqiyi.com,DNS.PPStream
10.20.35.215,61615,20.198.155.80,443,6,checkappexec.microsoft.com,TLS.Microsoft
10.20.35.215,61626,124.237.225.7,80,6,ip.geo.iqiyi.com,HTTP.PPStream
10.20.35.215,61631,36.110.238.54,80,6,msg.qy.net,HTTP.PPStream
10.20.35.215,61619,116.211.198.237,80,6,116.211.198.237,HTTP
10.20.35.215,1863,14.17.27.121,8001,17,,Unknown
10.20.35.215,61632,36.110.238.54,80,6,msg.qy.net,HTTP.PPStream
10.20.35.215,61642,124.237.225.7,443,6,mesh.if.iqiyi.com,TLS.PPStream
10.20.35.215,61627,49.7.32.40,80,6,doh.iqiyi.com,HTTP.PPStream
10.20.35.215,61633,124.237.225.7,443,6,mesh.if.iqiyi.com,TLS.PPStream
10.20.35.215,61647,124.237.225.7,443,6,mesh.if.iqiyi.com,TLS.PPStream
10.20.35.215,61644,124.237.225.7,443,6,mesh.if.iqiyi.com,TLS.PPStream
10.20.35.215,61643,124.237.225.7,443,6,mesh.if.iqiyi.com,TLS.PPStream
10.20.35.215,61654,111.202.75.3,443,6,api-lequ.iqiyi.com,TLS.PPStream
10.20.35.215,61648,124.237.225.7,443,6,mesh.if.iqiyi.com,TLS.PPStream
10.20.35.215,61657,116.211.198.237,80,6,116.211.198.237,HTTP
10.20.35.215,61664,49.7.33.51,80,6,data.video.iqiyi.com,HTTP.PPStream
10.20.35.215,61649,124.237.225.7,443,6,mesh.if.iqiyi.com,TLS.PPStream
10.20.35.215,61662,119.84.78.42,80,6,policy.video.iqiyi.com,HTTP.PPStream
10.20.35.215,61666,43.225.85.245,80,6,api.afdback.ppsimg.com,HTTP
10.20.35.215,33334,116.211.202.136,11711,17,,Unknown
10.20.35.215,61667,116.211.198.237,80,6,116.211.198.237,HTTP
10.20.35.215,61672,119.84.78.42,80,6,policy.video.iqiyi.com,HTTP.PPStream
10.20.35.215,61688,119.84.78.42,80,6,policy.video.iqiyi.com,HTTP.PPStream
10.20.35.215,33337,218.195.192.73,53,17,time.video.iqiyi.com,DNS.PPStream
10.20.35.215,61683,116.211.198.237,80,6,116.211.198.237,HTTP
10.20.35.215,17339,116.211.199.185,16600,17,,Unknown
10.20.35.215,61676,36.110.238.54,80,6,msg.qy.net,HTTP.PPStream
10.20.35.215,61695,49.7.33.51,80,6,data6.video.iqiyi.com,HTTP.PPStream
10.20.35.215,17339,119.6.229.222,19800,17,,Unknown
10.20.35.215,61675,103.44.59.75,443,6,time.video.iqiyi.com,TLS.PPStream
10.20.35.215,61702,119.84.78.42,80,6,policy.video.iqiyi.com,HTTP.PPStream
10.20.35.215,17339,183.220.193.50,18200,17,,Unknown
10.20.35.215,61684,39.156.54.66,80,6,39.156.54.66,HTTP
10.20.35.215,61707,119.84.78.42,80,6,policy.video.iqiyi.com,HTTP.PPStream
10.20.35.215,61703,119.84.78.42,80,6,policy.video.iqiyi.com,HTTP.PPStream
10.20.35.215,61693,119.84.52.243,443,6,static.iqiyi.com,TLS.PPStream
10.20.35.215,61616,124.237.225.14,80,6,msg.qy.net,HTTP.PPStream
10.20.35.215,0,123.126.128.22,0,1,,ICMP
10.20.35.215,61711,39.156.54.66,80,6,,HTTP
10.20.35.215,61696,36.110.238.54,80,6,msg.qy.net,HTTP.PPStream
10.20.35.215,33337,61.128.114.133,53,17,ip.geo.iqiyi.com,DNS.PPStream
10.20.35.215,61719,119.84.52.243,443,6,static.iqiyi.com,TLS.PPStream
10.20.35.215,61717,49.7.32.40,80,6,,HTTP
10.20.35.215,61698,49.7.33.13,443,6,act.vip.iqiyi.com,TLS.PPStream
10.20.35.215,61623,49.7.32.40,80,6,doh.iqiyi.com,HTTP.PPStream
10.20.35.215,61722,49.7.32.36,443,6,time.iqiyi.com,TLS.PPStream
10.20.35.215,61720,119.84.52.243,443,6,static.iqiyi.com,TLS.PPStream
10.20.35.215,61700,49.7.32.2,443,6,qiyu.iqiyi.com,TLS.PPStream
10.20.35.215,33338,218.195.192.73,53,17,iface2.iqiyi.com,DNS.PPStream
10.20.35.215,61628,49.7.32.40,80,6,49.7.32.40,HTTP
10.20.35.215,61721,103.44.59.74,80,6,ndct-data.video.iqiyi.com,HTTP.PPStream
10.20.35.215,17339,111.48.119.161,18600,17,,Unknown
10.20.35.215,61768,125.74.42.41,80,6,pic0.iqiyipic.com,HTTP.PPStream
10.20.35.215,61634,119.84.52.238,80,6,list3.ppstream.com.iqiyi.com,HTTP.PPStream
10.20.35.215,61733,49.7.32.36,443,6,time.iqiyi.com,TLS.PPStream
10.20.35.215,17339,121.227.168.43,16900,17,,Unknown
10.20.35.215,61773,125.74.42.41,80,6,pic0.iqiyipic.com,HTTP.PPStream
10.20.35.215,64982,49.7.33.29,80,17,,Unknown
10.20.35.215,61772,125.64.104.41,80,6,pic2.iqiyipic.com,HTTP.PPStream
10.20.35.215,61704,49.7.33.51,80,6,data6.video.iqiyi.com,HTTP.PPStream
10.20.35.215,61777,36.110.238.54,80,6,msg.qy.net,HTTP.PPStream
10.20.35.215,61645,124.237.225.7,443,6,mesh.if.iqiyi.com,TLS.PPStream
10.20.35.215,61778,36.110.238.54,80,6,msg.qy.net,HTTP.PPStream
10.20.35.215,61724,49.7.32.137,80,6,doh.iqiyi.com,HTTP.PPStream
10.20.35.215,61816,125.64.104.41,80,6,pic2.iqiyipic.com,HTTP.PPStream
10.20.35.215,61656,124.237.225.14,80,6,msg.qy.net,HTTP.PPStream
10.20.35.215,61807,118.180.40.41,80,6,pic9.iqiyipic.com,HTTP.PPStream
10.20.35.215,61736,36.110.238.54,80,6,,HTTP
10.20.35.215,61818,110.185.186.41,80,6,pic3.iqiyipic.com,HTTP.PPStream
10.20.35.215,61663,124.237.225.7,80,6,ip.geo.iqiyi.com,HTTP.PPStream
10.20.35.215,61819,110.185.186.41,80,6,pic3.iqiyipic.com,HTTP.PPStream
10.20.35.215,61767,125.74.42.41,80,6,pic0.iqiyipic.com,HTTP.PPStream
10.20.35.215,61821,182.242.59.41,80,6,pic1.iqiyipic.com,HTTP.PPStream
10.20.35.215,61665,116.211.198.187,80,6,puma-api.iqiyi.com,HTTP.PPStream
10.20.35.215,61822,125.64.104.41,80,6,pic2.iqiyipic.com,HTTP.PPStream
10.20.35.215,61770,182.242.59.41,80,6,pic1.iqiyipic.com,HTTP.PPStream
10.20.35.215,61823,125.74.42.41,80,6,pic0.iqiyipic.com,HTTP.PPStream
10.20.35.215,61673,124.237.225.7,80,6,ip.geo.iqiyi.com,HTTP.PPStream
10.20.35.215,61825,219.151.25.41,80,6,pic0.iqiyipic.com,HTTP.PPStream
10.20.35.215,61776,36.110.238.54,80,6,msg.qy.net,HTTP.PPStream
10.20.35.215,61824,219.151.25.41,80,6,pic0.iqiyipic.com,HTTP.PPStream
10.20.35.215,61678,49.7.32.40,80,6,doh.iqiyi.com,HTTP.PPStream
10.20.35.215,61832,125.64.104.41,80,6,pic2.iqiyipic.com,HTTP.PPStream
10.20.35.215,61781,36.110.238.54,80,6,,HTTP
10.20.35.215,61828,110.185.186.41,80,6,pic3.iqiyipic.com,HTTP.PPStream
10.20.35.215,17492,239.255.255.250,1900,17,239.255.255.250:1900,SSDP
10.20.35.215,61837,125.64.104.41,80,6,pic2.iqiyipic.com,HTTP.PPStream
10.20.35.215,61820,125.64.104.41,80,6,pic2.iqiyipic.com,HTTP.PPStream
10.20.35.215,61831,125.64.104.41,80,6,pic2.iqiyipic.com,HTTP.PPStream
10.20.35.215,17339,123.129.240.34,19600,17,,Unknown
10.20.35.215,61844,110.185.186.41,80,6,pic3.iqiyipic.com,HTTP.PPStream
10.20.35.215,61840,182.242.59.41,80,6,pic1.iqiyipic.com,HTTP.PPStream
10.20.35.215,61838,110.185.186.41,80,6,pic3.iqiyipic.com,HTTP.PPStream
10.20.35.215,61710,116.211.198.237,80,6,,HTTP
10.20.35.215,61849,116.211.198.237,80,6,116.211.198.237,HTTP
10.20.35.215,61842,110.185.186.41,80,6,pic3.iqiyipic.com,HTTP.PPStream
10.20.35.215,61836,118.180.40.41,80,6,pic9.iqiyipic.com,HTTP.PPStream
10.20.35.215,61718,49.7.32.40,80,6,,HTTP
10.20.35.215,33339,218.195.192.73,53,17,pic8.iqiyipic.com,DNS.PPStream
10.20.35.215,61845,125.64.104.41,80,6,pic2.iqiyipic.com,HTTP.PPStream
10.20.35.215,61841,125.64.104.41,80,6,pic2.iqiyipic.com,HTTP.PPStream
10.20.35.215,28863,123.126.128.22,17778,17,,Unknown
10.20.35.215,61868,111.202.74.191,80,6,static-d.iqiyi.com,HTTP.PPStream
10.20.35.215,12345,119.97.171.41,8000,17,,Unknown
10.20.35.215,61850,39.156.54.66,80,6,39.156.54.66,HTTP
10.20.35.215,61774,36.110.238.54,80,6,msg.qy.net,HTTP.PPStream
10.20.35.215,61876,123.129.246.26,80,6,pic8.iqiyipic.com,HTTP.PPStream
10.20.35.215,61861,119.84.78.42,80,6,policy.video.iqiyi.com,HTTP.PPStream
10.20.35.215,61856,124.237.225.7,80,6,ip.geo.iqiyi.com,HTTP.PPStream
10.20.35.215,61779,36.110.238.54,80,6,,HTTP
10.20.35.215,61882,49.7.32.138,443,6,cook.iqiyi.com,TLS.PPStream
10.20.35.215,61866,111.202.74.191,80,6,static-d.iqiyi.com,HTTP.PPStream
10.20.35.215,61859,103.44.58.148,443,6,iface2.iqiyi.com,TLS.PPStream
10.20.35.215,61784,36.110.238.54,80,6,,HTTP
10.20.35.215,61889,119.84.52.242,80,6,static-s.iqiyi.com,HTTP.PPStream
10.20.35.215,61871,111.202.74.191,80,6,static-d.iqiyi.com,HTTP.PPStream
10.20.35.215,61867,111.202.74.191,80,6,static-d.iqiyi.com,HTTP.PPStream
10.20.35.215,61791,49.7.31.199,80,6,flux.iqiyi.com,HTTP.PPStream
10.20.35.215,61894,119.84.52.242,80,6,static-s.iqiyi.com,HTTP.PPStream
10.20.35.215,61874,123.129.246.26,80,6,pic8.iqiyipic.com,HTTP.PPStream
10.20.35.215,61875,123.129.246.26,80,6,pic8.iqiyipic.com,HTTP.PPStream
10.20.35.215,61808,118.180.40.41,80,6,pic9.iqiyipic.com,HTTP.PPStream
10.20.35.215,61899,119.84.52.242,80,6,static-s.iqiyi.com,HTTP.PPStream
10.20.35.215,61885,49.7.32.138,443,6,cook.iqiyi.com,TLS.PPStream
10.20.35.215,61886,49.7.32.138,443,6,cook.iqiyi.com,TLS.PPStream
10.20.35.215,61826,219.151.25.41,80,6,pic0.iqiyipic.com,HTTP.PPStream
10.20.35.215,61909,119.84.52.242,80,6,static-s.iqiyi.com,HTTP.PPStream
10.20.35.215,61892,119.84.52.242,80,6,static-s.iqiyi.com,HTTP.PPStream
10.20.35.215,61893,119.84.52.242,80,6,static-s.iqiyi.com,HTTP.PPStream
10.20.35.215,61830,110.185.186.41,80,6,pic3.iqiyipic.com,HTTP.PPStream
10.20.35.215,61904,119.84.52.242,80,6,static-s.iqiyi.com,HTTP.PPStream
10.20.35.215,61897,119.84.52.242,80,6,static-s.iqiyi.com,HTTP.PPStream
10.20.35.215,61898,119.84.52.242,80,6,static-s.iqiyi.com,HTTP.PPStream
10.20.35.215,61833,125.64.104.41,80,6,pic2.iqiyipic.com,HTTP.PPStream
10.20.35.215,60000,10.20.35.255,60000,17,,Unknown
10.20.35.215,61907,119.84.52.242,80,6,static-s.iqiyi.com,HTTP.PPStream
10.20.35.215,61903,119.84.52.242,80,6,static-s.iqiyi.com,HTTP.PPStream
10.20.35.215,61835,110.185.186.41,80,6,pic3.iqiyipic.com,HTTP.PPStream
10.20.35.215,60000,10.20.35.255,60005,17,,Unknown
10.20.35.215,60000,10.20.35.255,60003,17,,Unknown
10.20.35.215,61908,119.84.52.242,80,6,static-s.iqiyi.com,HTTP.PPStream
10.20.35.215,61843,118.180.40.41,80,6,pic9.iqiyipic.com,HTTP.PPStream
10.20.35.215,17339,116.211.201.49,5004,17,,Unknown
10.20.35.215,60000,10.20.35.255,60008,17,,Unknown
10.20.35.215,61912,49.7.32.112,443,6,passport.iqiyi.com,TLS.PPStream
10.20.35.215,61846,103.44.58.148,443,6,iface2.iqiyi.com,TLS.PPStream
10.20.35.215,17339,116.211.199.20,5004,17,,Unknown
10.20.35.215,6881,112.104.75.236,26315,17,,BitTorrent
10.20.35.215,60000,10.20.35.255,60004,17,,Unknown
10.20.35.215,33335,218.195.192.73,53,17,static-d.iqiyi.com,DNS.PPStream
10.20.35.215,17339,111.48.119.49,5004,17,,Unknown
10.20.35.215,17339,116.211.201.57,5004,17,,Unknown
10.20.35.215,60000,10.20.35.255,60009,17,,Unknown
10.20.35.215,61869,111.202.74.191,80,6,static-d.iqiyi.com,HTTP.PPStream
10.20.35.215,17339,116.211.201.144,5004,17,,Unknown
10.20.35.215,61941,36.110.238.56,443,6,msg.qy.net,TLS.PPStream
10.20.35.215,17339,111.202.74.204,5004,17,,Unknown
10.20.35.215,61872,123.129.246.26,80,6,pic8.iqiyipic.com,HTTP.PPStream
10.20.35.215,61939,119.84.78.43,443,6,stc.iqiyipic.com,TLS.PPStream
10.20.35.215,61956,119.84.78.42,80,6,policy.video.iqiyi.com,HTTP.PPStream
10.20.35.215,17339,49.7.30.140,5004,17,,Unknown
10.20.35.215,61877,123.129.246.26,80,6,pic8.iqiyipic.com,HTTP.PPStream
10.20.35.215,61945,124.237.225.14,80,6,msg.qy.net,HTTP.PPStream
10.20.35.215,17339,218.84.171.155,12706,17,,Unknown
10.20.35.215,17339,39.156.40.10,5004,17,,Unknown
10.20.35.215,61879,119.84.78.42,80,6,policy.video.iqiyi.com,HTTP.PPStream
10.20.35.215,61954,116.211.198.237,80,6,116.211.198.237,HTTP
10.20.35.215,17339,49.118.221.154,9222,17,,Unknown
10.20.35.215,61924,118.112.225.41,80,6,dl.static.iqiyi.com,HTTP.PPStream
10.20.35.215,61888,49.7.32.138,443,6,cook.iqiyi.com,TLS.PPStream
10.20.35.215,61957,124.237.225.7,80,6,ip.geo.iqiyi.com,HTTP.PPStream
10.20.35.215,17339,110.152.46.143,32758,17,,Unknown
10.20.35.215,61926,49.7.32.138,443,6,cook.iqiyi.com,TLS.PPStream
10.20.35.215,61890,119.84.52.242,80,6,static-s.iqiyi.com,HTTP.PPStream
10.20.35.215,17339,10.20.100.109,41957,17,,Unknown
10.20.35.215,17339,49.118.237.186,34904,17,,Unknown
10.20.35.215,61933,124.237.225.7,443,6,mesh.if.iqiyi.com,TLS.PPStream
10.20.35.215,61895,119.84.52.242,80,6,static-s.iqiyi.com,HTTP.PPStream
10.20.35.215,17339,10.12.84.127,23578,17,,Unknown
10.20.35.215,17339,110.152.13.251,5378,17,,Unknown
10.20.35.215,61934,58.49.213.2,8888,6,update.inter.iqiyi.com,HTTP.PPStream
10.20.35.215,61900,119.84.52.242,80,6,static-s.iqiyi.com,HTTP.PPStream
10.20.35.215,17339,110.152.55.24,1819,17,,Unknown
10.20.35.215,17339,49.118.205.5,16831,17,,Unknown
10.20.35.215,61938,119.84.78.43,443,6,stc.iqiyipic.com,TLS.PPStream
10.20.35.215,61905,119.84.52.242,80,6,static-s.iqiyi.com,HTTP.PPStream
10.20.35.215,17339,218.84.171.155,11308,17,,Unknown
10.20.35.215,17339,110.152.19.36,3046,17,,Unknown
10.20.35.215,61942,36.110.238.56,443,6,msg.qy.net,TLS.PPStream
10.20.35.215,58886,101.89.42.66,443,6,,TLS
10.20.35.215,17339,218.84.171.155,23028,17,,Unknown
10.20.35.215,17339,106.124.46.161,13962,17,,Unknown
10.20.35.215,61951,111.48.136.169,80,6,mesh.if.iqiyi.com,HTTP.PPStream
10.20.35.215,60000,10.20.35.255,60001,17,,Unknown
10.20.35.215,17339,106.124.37.197,1027,17,,RTP
10.20.35.215,17339,106.124.124.28,25601,17,,Unknown
10.20.35.215,61952,36.110.238.54,80,6,msg.qy.net,HTTP.PPStream
10.20.35.215,60000,10.20.35.255,60006,17,,Unknown
10.20.35.215,17339,49.118.199.120,32610,17,,Unknown
10.20.35.215,17339,61.128.93.30,53331,17,,Unknown
10.20.35.215,61955,39.156.54.66,80,6,39.156.54.66,HTTP
10.20.35.215,6881,95.211.222.164,51413,17,,BitTorrent
10.20.35.215,17339,106.124.231.118,31867,17,,Unknown
10.20.35.215,17339,49.118.233.198,5966,17,,Unknown
10.20.35.215,17339,10.20.8.194,15618,17,,RTP
10.20.35.215,6881,202.223.99.157,16959,17,,BitTorrent
10.20.35.215,17339,106.124.93.82,41401,17,,Unknown
10.20.35.215,61970,111.63.147.24,443,6,cook.iqiyi.com,TLS.PPStream
10.20.35.215,17339,49.119.3.228,8646,17,,Unknown
10.20.35.215,61920,204.79.197.239,443,6,edge.microsoft.com,TLS.Microsoft
10.20.35.215,17339,49.119.220.15,12097,17,,Unknown
10.20.35.215,61972,124.237.225.7,443,6,mesh.if.iqiyi.com,TLS.PPStream
10.20.35.215,17339,49.118.204.166,26358,17,,Unknown
10.20.35.215,17339,49.7.30.142,5004,17,,Unknown
10.20.35.215,64888,111.202.74.192,443,17,static-s.iqiyi.com,QUIC.PPStream
10.20.35.215,61977,124.237.225.7,443,6,mesh.if.iqiyi.com,TLS.PPStream
10.20.35.215,17339,110.152.44.61,27063,17,,Unknown
10.20.35.215,17339,111.48.119.50,5004,17,,Unknown
10.20.35.215,61965,116.211.202.162,80,6,t7z.cupid.iqiyi.com,HTTP.PPStream
10.20.35.215,61982,124.237.225.7,443,6,mesh.if.iqiyi.com,TLS.PPStream
10.20.35.215,17339,110.152.42.88,29578,17,,Unknown
10.20.35.215,17339,122.190.67.194,5004,17,,Unknown
10.20.35.215,61974,124.237.225.7,443,6,mesh.if.iqiyi.com,TLS.PPStream
10.20.35.215,62005,182.242.59.41,80,6,pic1.iqiyipic.com,HTTP.PPStream
10.20.35.215,17339,110.152.34.255,24189,17,,Unknown
10.20.35.215,61930,124.237.225.7,443,6,mesh.if.iqiyi.com,TLS.PPStream
10.20.35.215,61987,182.242.59.41,80,6,pic1.iqiyipic.com,HTTP.PPStream
10.20.35.215,62010,125.64.104.41,80,6,pic2.iqiyipic.com,HTTP.PPStream
10.20.35.215,17339,218.84.171.155,11757,17,,Unknown
10.20.35.215,61932,111.202.75.3,443,6,api-lequ.iqiyi.com,TLS.PPStream
10.20.35.215,61994,110.185.186.41,80,6,pic4.iqiyipic.com,HTTP.PPStream
10.20.35.215,62033,219.151.25.41,80,6,pic0.iqiyipic.com,HTTP.PPStream
10.20.35.215,17339,49.118.192.74,7732,17,,Unknown
10.20.35.215,61940,124.237.225.7,443,6,mesh.if.iqiyi.com,TLS.PPStream
10.20.35.215,62002,182.242.59.41,80,6,pic1.iqiyipic.com,HTTP.PPStream
10.20.35.215,62044,125.74.40.41,80,6,pic3.iqiyipic.com,HTTP.PPStream
10.20.35.215,17339,106.124.150.140,19050,17,,Unknown
10.20.35.215,61948,119.84.52.239,80,6,cmts.iqiyi.com,HTTP.PPStream
10.20.35.215,62014,110.185.186.41,80,6,pic4.iqiyipic.com,HTTP.PPStream
10.20.35.215,62050,118.180.40.41,80,6,pic9.iqiyipic.com,HTTP.PPStream
10.20.35.215,17339,49.119.181.224,6312,17,,Unknown
10.20.35.215,61949,49.7.33.96,443,6,emoticon-sns.iqiyi.com,TLS.PPStream
10.20.35.215,62022,182.242.59.41,80,6,pic1.iqiyipic.com,HTTP.PPStream
10.20.35.215,62054,123.129.246.26,80,6,pic8.iqiyipic.com,HTTP.PPStream
10.20.35.215,17339,49.118.211.200,8312,17,,Unknown
10.20.35.215,61950,13.107.42.16,443,6,config.edge.skype.com,TLS.Skype_Teams
10.20.35.215,62027,36.99.3.41,80,6,pic3.iqiyipic.com,HTTP.PPStream
10.20.35.215,62061,106.38.212.74,443,6,sns-comment.iqiyi.com,TLS.PPStream
10.20.35.215,17339,49.118.249.122,7402,17,,Unknown
10.20.35.215,17339,10.20.104.2,39830,17,,Unknown
10.20.35.215,62031,58.42.14.41,80,6,pic6.iqiyipic.com,HTTP.PPStream
10.20.35.215,17339,115.231.179.154,16900,17,,Unknown
10.20.35.215,61971,111.63.147.24,443,6,cook.iqiyi.com,TLS.PPStream
10.20.35.215,17339,10.20.230.134,17703,17,,Unknown
10.20.35.215,62035,219.151.25.41,80,6,pic0.iqiyipic.com,HTTP.PPStream
10.20.35.215,17339,116.211.199.153,16600,17,,Unknown
10.20.35.215,61973,124.237.225.7,443,6,mesh.if.iqiyi.com,TLS.PPStream
10.20.35.215,17339,49.118.236.218,1591,17,,Unknown
10.20.35.215,62047,36.99.3.41,80,6,pic5.iqiyipic.com,HTTP.PPStream
10.20.35.215,17339,59.61.114.82,50603,17,,Unknown
10.20.35.215,61978,124.237.225.7,443,6,mesh.if.iqiyi.com,TLS.PPStream
10.20.35.215,17339,49.119.92.103,12444,17,,Unknown
10.20.35.215,62057,36.99.3.41,80,6,pic5.iqiyipic.com,HTTP.PPStream
10.20.35.215,17339,112.66.246.19,43230,17,,Unknown
10.20.35.215,61979,103.44.58.148,443,6,iface2.iqiyi.com,TLS.PPStream
10.20.35.215,17339,110.152.29.37,29718,17,,Unknown
10.20.35.215,62073,116.211.198.198,80,6,liveats-vod.video.iqiyi.com,HTTP.PPStream
10.20.35.215,17339,120.32.96.70,20371,17,,Unknown
10.20.35.215,61983,124.237.225.7,443,6,mesh.if.iqiyi.com,TLS.PPStream
10.20.35.215,17339,218.84.171.155,21394,17,,Unknown
10.20.35.215,17339,59.61.112.199,51205,17,,Unknown
10.20.35.215,17339,49.117.171.220,8282,17,,Unknown
10.20.35.215,61988,110.185.186.41,80,6,pic4.iqiyipic.com,HTTP.PPStream
10.20.35.215,17339,110.152.61.172,13487,17,,RTP
10.20.35.215,17339,59.56.147.96,30333,17,,Unknown
10.20.35.215,17339,125.89.89.202,31764,17,,Unknown
10.20.35.215,61993,110.185.186.41,80,6,pic4.iqiyipic.com,HTTP.PPStream
10.20.35.215,61967,36.110.238.56,80,6,msga.cupid.iqiyi.com,HTTP.PPStream
10.20.35.215,17339,120.32.96.70,39673,17,,Unknown
10.20.35.215,17339,124.91.132.3,23083,17,,Unknown
10.20.35.215,61996,125.64.104.41,80,6,pic2.iqiyipic.com,HTTP.PPStream
10.20.35.215,61968,111.63.147.24,443,6,cook.iqiyi.com,TLS.PPStream
10.20.35.215,17339,58.48.12.49,56999,17,,Unknown
10.20.35.215,17339,219.159.208.25,48137,17,,Unknown
10.20.35.215,62001,125.64.104.41,80,6,pic2.iqiyipic.com,HTTP.PPStream
10.20.35.215,61975,124.237.225.7,443,6,mesh.if.iqiyi.com,TLS.PPStream
10.20.35.215,17339,113.143.96.133,11266,17,,Unknown
10.20.35.215,62102,116.211.198.187,80,6,puma-api.iqiyi.com,HTTP.PPStream
10.20.35.215,62013,110.185.186.41,80,6,pic4.iqiyipic.com,HTTP.PPStream
10.20.35.215,61980,124.237.225.7,443,6,mesh.if.iqiyi.com,TLS.PPStream
10.20.35.215,17339,218.77.18.50,34633,17,,Unknown
10.20.35.215,62109,103.44.58.19,80,6,cache.video.iqiyi.com,HTTP.PPStream
10.20.35.215,62016,125.64.104.41,80,6,pic2.iqiyipic.com,HTTP.PPStream
58.49.216.170,443,10.20.35.215,61496,6,,TLS
10.20.35.215,17339,113.13.44.90,50401,17,,Unknown
10.20.35.215,62112,124.237.225.7,443,6,mesh.if.iqiyi.com,TLS.PPStream
10.20.35.215,62021,125.64.104.41,80,6,pic2.iqiyipic.com,HTTP.PPStream
10.20.35.215,61998,125.64.104.41,80,6,pic2.iqiyipic.com,HTTP.PPStream
10.20.35.215,17339,113.81.95.148,17414,17,,Unknown
10.20.35.215,62117,124.237.225.7,443,6,mesh.if.iqiyi.com,TLS.PPStream
10.20.35.215,62025,58.42.14.41,80,6,pic6.iqiyipic.com,HTTP.PPStream
10.20.35.215,62000,110.185.186.41,80,6,pic4.iqiyipic.com,HTTP.PPStream
10.20.35.215,62078,120.71.177.29,80,6,baiducdnct.inter.iqiyi.com,HTTP.PPStream
10.20.35.215,17339,116.7.158.197,9601,17,,Unknown
10.20.35.215,62026,36.99.3.41,80,6,pic3.iqiyipic.com,HTTP.PPStream
10.20.35.215,62008,118.180.40.41,80,6,pic9.iqiyipic.com,HTTP.PPStream
10.20.35.215,62081,36.110.238.56,80,6,msga.cupid.iqiyi.com,HTTP.PPStream
10.20.35.215,17339,113.85.113.122,2316,17,,Unknown
10.20.35.215,62036,118.180.40.41,80,6,pic9.iqiyipic.com,HTTP.PPStream
10.20.35.215,62018,125.64.104.41,80,6,pic2.iqiyipic.com,HTTP.PPStream
182.104.114.45,38602,10.20.35.215,1863,17,,Unknown
10.20.35.215,17339,222.87.164.8,18402,17,,Unknown
10.20.35.215,62040,49.7.32.137,80,6,doh.iqiyi.com,HTTP.PPStream
10.20.35.215,62020,110.185.186.41,80,6,pic4.iqiyipic.com,HTTP.PPStream
10.20.35.215,62090,49.7.33.13,443,6,serv.vip.iqiyi.com,TLS.PPStream
10.20.35.215,17339,124.226.211.5,22677,17,,Unknown
10.20.35.215,62051,182.242.59.41,80,6,pic1.iqiyipic.com,HTTP.PPStream
10.20.35.215,62028,36.99.3.41,80,6,pic5.iqiyipic.com,HTTP.PPStream
10.20.35.215,62101,49.7.33.51,80,6,data.video.iqiyi.com,HTTP.PPStream
10.20.35.215,17339,180.139.254.102,6814,17,,Unknown
10.20.35.215,62055,123.129.246.26,80,6,pic8.iqiyipic.com,HTTP.PPStream
10.20.35.215,62042,125.74.40.41,80,6,pic3.iqiyipic.com,HTTP.PPStream
10.20.35.215,62104,124.237.225.7,443,6,mesh.if.iqiyi.com,TLS.PPStream
10.20.35.215,17339,116.55.221.6,14090,17,,RTP
10.20.35.215,62056,36.99.3.41,80,6,pic3.iqiyipic.com,HTTP.PPStream
10.20.35.215,17339,111.202.74.202,3478,17,,STUN
10.20.35.215,62108,36.110.238.54,80,6,msg.qy.net,HTTP.PPStream
10.20.35.215,17339,182.242.132.252,21526,17,,Unknown
10.20.35.215,17339,39.156.40.54,5006,17,,Unknown
10.20.35.215,17339,39.156.40.8,3478,17,,STUN
10.20.35.215,62114,124.237.225.7,443,6,mesh.if.iqiyi.com,TLS.PPStream
10.20.35.215,17339,116.52.36.38,28511,17,,Unknown
10.20.35.215,17339,116.211.201.49,3478,17,,STUN
10.20.35.215,17339,111.173.133.154,3466,17,,Unknown
10.20.35.215,62115,103.44.58.148,443,6,iface2.iqiyi.com,TLS.PPStream
10.20.35.215,62128,49.7.32.148,80,6,scs-hcdn.iqiyi.com,HTTP.PPStream
10.20.35.215,17339,36.101.189.18,28610,17,,Unknown
10.20.35.215,17339,120.32.96.205,40274,17,,Unknown
10.20.35.215,17339,116.211.203.41,16700,17,,Unknown
10.20.35.215,62130,18.66.112.37,80,6,b.scorecardresearch.com,HTTP
10.20.35.215,17339,120.32.96.78,35309,17,,Unknown
10.20.35.215,17339,120.32.96.112,48067,17,,Unknown
10.20.35.215,17339,150.138.236.222,16800,17,,Unknown
10.20.35.215,62131,36.110.238.54,80,6,msg.qy.net,HTTP.PPStream
10.20.35.215,17339,124.226.99.219,56257,17,,Unknown
10.20.35.215,17339,222.213.84.3,59954,17,,Unknown
10.20.35.215,17339,113.117.47.153,7451,17,,Unknown
10.20.35.215,17339,116.52.231.35,17409,17,,Unknown
10.20.35.215,17339,171.91.235.118,31735,17,,Unknown
10.20.35.215,17339,114.138.220.73,27817,17,,Unknown
10.20.35.215,17339,119.114.77.137,58789,17,,Unknown
10.20.35.215,62158,120.69.130.68,64499,6,,Unknown
10.20.35.215,17339,113.16.125.173,30768,17,,Unknown
10.20.35.215,17339,116.10.60.121,16765,17,,Unknown
10.20.35.215,17339,113.16.25.101,29346,17,,Unknown
10.20.35.215,62167,49.7.32.166,443,6,homeai.iqiyi.com,TLS.PPStream
10.20.35.215,17339,106.91.114.193,16626,17,,Unknown
10.20.35.215,17339,59.51.224.6,57491,17,,Unknown
10.20.35.215,17339,113.72.209.69,15558,17,,Unknown
10.20.35.215,17339,113.81.69.86,30480,17,,Unknown
10.20.35.215,17339,182.137.17.6,9807,17,,Unknown
10.20.35.215,17339,116.253.148.215,4165,17,,Unknown
10.20.35.215,17339,14.221.49.250,9217,17,,Unknown
10.20.35.215,17339,113.81.69.86,52275,17,,Unknown
10.20.35.215,17339,124.226.140.209,59266,17,,Unknown
10.20.35.215,62083,49.7.32.148,443,6,scs-hcdn.iqiyi.com,TLS.PPStream
10.20.35.215,17339,113.85.82.239,13312,17,,Unknown
10.20.35.215,17339,183.30.195.215,59261,17,,Unknown
10.20.35.215,62079,49.7.32.148,80,6,,HTTP
10.20.35.215,62096,49.7.33.13,443,6,act.vip.iqiyi.com,TLS.PPStream
10.20.35.215,17339,121.33.60.15,29301,17,,RTP
10.20.35.215,17339,113.143.250.194,6834,17,,Unknown
10.20.35.215,62113,124.237.225.7,443,6,mesh.if.iqiyi.com,TLS.PPStream
10.20.35.215,62103,103.44.59.75,443,6,time.video.iqiyi.com,TLS.PPStream
10.20.35.215,62133,36.110.238.54,80,6,,HTTP
10.20.35.215,17339,183.30.195.67,39509,17,,Unknown
10.20.35.215,17339,106.124.125.138,13312,17,,Unknown
10.20.35.215,62106,116.211.202.162,80,6,t7z.cupid.iqiyi.com,HTTP.PPStream
10.20.35.215,62136,49.7.33.51,80,6,data6.video.iqiyi.com,HTTP.PPStream
10.20.35.215,17339,183.30.195.213,18368,17,,Unknown
10.20.35.215,17339,42.242.73.137,15251,17,,Unknown
27.190.152.25,43723,10.20.35.215,1863,17,,Unknown
10.20.35.215,17339,36.109.250.111,45105,17,,Unknown
10.20.35.215,17339,222.220.175.70,21127,17,,Unknown
10.20.35.215,17339,171.91.217.167,40644,17,,Unknown
10.20.35.215,17339,113.132.49.87,19456,17,,Unknown
10.20.35.215,17339,182.240.70.72,10307,17,,Unknown
10.20.35.215,17339,182.243.37.30,19356,17,,Unknown
10.20.35.215,17339,118.183.122.92,39200,17,,Unknown
10.20.35.215,17339,116.8.56.30,31486,17,,Unknown
10.20.35.215,17339,14.106.152.246,15338,17,,Unknown
10.20.35.215,17339,123.162.134.98,8537,17,,Unknown
10.20.35.215,17339,36.45.208.233,35008,17,,Unknown
10.20.35.215,17339,42.243.44.50,20528,17,,Unknown
10.20.35.215,17339,222.86.195.124,29699,17,,Unknown
10.20.35.215,17339,106.59.15.43,37521,17,,Unknown
10.20.35.215,17339,113.133.36.72,24196,17,,Unknown
10.20.35.215,17339,223.198.100.191,25600,17,,Unknown
10.20.35.215,62161,120.69.131.187,60013,6,,Unknown
10.20.35.215,17339,223.152.96.246,51837,17,,Unknown
10.20.35.215,17339,14.111.204.244,8532,17,,Unknown
10.20.35.215,17339,113.104.210.24,8785,17,,Unknown
10.20.35.215,17339,115.231.179.166,16900,17,,Unknown
10.20.35.215,17339,171.106.196.253,17478,17,,Unknown
10.20.35.215,17339,118.122.60.31,9398,17,,Unknown
10.20.35.215,17339,124.31.73.155,37914,17,,Unknown
10.20.35.215,17339,116.211.199.160,16600,17,,Unknown
10.20.35.215,17339,171.110.93.127,29443,17,,Unknown
10.20.35.215,17339,119.1.236.61,11703,17,,RTP
10.20.35.215,17339,125.72.52.68,19050,17,,Unknown
10.20.35.215,17339,183.30.195.67,60376,17,,Unknown
10.20.35.215,17339,222.179.205.151,11252,17,,Unknown
10.20.35.215,17339,180.143.235.12,9214,17,,Unknown
10.20.35.215,17339,106.43.17.158,14628,17,,Unknown
10.20.35.215,17339,113.88.65.123,53152,17,,Unknown
10.20.35.215,17339,119.117.232.131,43195,17,,Unknown
10.20.35.215,62132,36.110.238.54,80,6,msg.qy.net,HTTP.PPStream
10.20.35.215,17339,171.214.164.216,46407,17,,Unknown
10.20.35.215,17339,119.1.36.164,23171,17,,Unknown
10.20.35.215,17339,183.63.47.22,19718,17,,Unknown
10.20.35.215,62139,219.151.25.41,80,6,pic0.iqiyipic.com,HTTP.PPStream
10.20.35.215,17339,171.107.145.144,10055,17,,Unknown
10.20.35.215,17339,183.44.114.7,29697,17,,Unknown
10.20.35.215,62169,122.190.65.153,80,6,,HTTP
10.20.35.215,62140,58.42.14.41,80,6,pic6.iqiyipic.com,HTTP.PPStream
10.20.35.215,62129,116.9.102.76,80,6,gdctyuncdnct.inter.iqiyi.com,HTTP.PPStream
10.20.35.215,17339,113.64.81.98,46080,17,,Unknown
10.20.35.215,62171,120.71.177.29,80,6,baiducdnct.inter.iqiyi.com,HTTP.PPStream
10.20.35.215,17339,223.198.169.72,9218,17,,Unknown
10.20.35.215,17339,110.185.153.148,10556,17,,Unknown
10.20.35.215,17339,59.41.93.100,1028,17,,Unknown
10.20.35.215,17339,42.91.220.212,3149,17,,Unknown
10.20.35.215,17339,14.220.233.20,3597,17,,Unknown
10.20.35.215,62146,219.151.25.41,80,6,pic0.iqiyipic.com,HTTP.PPStream
10.20.35.215,17339,219.136.2.252,29482,17,,Unknown
10.20.35.215,17339,36.46.100.83,42829,17,,Unknown
10.20.35.215,33338,61.128.114.133,53,17,msg.qy.net,DNS.PPStream
10.20.35.215,62143,119.84.52.239,443,6,cmts.iqiyi.com,TLS.PPStream
10.20.35.215,62147,36.110.238.56,80,6,msga.cupid.iqiyi.com,HTTP.PPStream
10.20.35.215,17339,183.30.195.213,52275,17,,Unknown
10.20.35.215,17339,36.46.106.88,21418,17,,Unknown
10.20.35.215,61625,119.84.78.42,80,6,policy.video.iqiyi.com,HTTP.PPStream
10.20.35.215,62144,219.151.25.41,80,6,pic0.iqiyipic.com,HTTP.PPStream
10.20.35.215,62162,120.69.131.187,60013,6,,Unknown
222.179.205.151,8759,10.20.35.215,17339,17,,Unknown
10.20.35.215,17339,1.205.3.33,13486,17,,Unknown
10.20.35.215,61630,106.38.212.74,443,6,opportunarch.iqiyi.com,TLS.PPStream
10.20.35.215,62148,110.185.186.41,80,6,pic4.iqiyipic.com,HTTP.PPStream
10.20.35.215,17339,182.240.47.82,22336,17,,Unknown
10.20.35.215,62179,125.74.42.41,80,6,pic7.iqiyipic.com,HTTP.PPStream
10.20.35.215,17339,14.104.118.60,32233,17,,Unknown
10.20.35.215,61646,124.237.225.7,443,6,mesh.if.iqiyi.com,TLS.PPStream
10.20.35.215,62156,113.142.83.0,80,6,aliyuncoccdnct-xb.inter.iqiyi.com,HTTP.PPStream
10.20.35.215,17339,1.205.28.218,19350,17,,Unknown
10.20.35.215,17339,116.211.203.30,16700,17,,Unknown
10.20.35.215,17339,125.73.105.117,42509,17,,Unknown
10.20.35.215,61655,49.7.32.36,443,6,time.iqiyi.com,TLS.PPStream
10.20.35.215,62159,120.69.130.68,64499,6,,Unknown
10.20.35.215,17339,113.101.239.214,47250,17,,Unknown
10.20.35.215,17339,150.138.236.207,16800,17,,Unknown
10.20.35.215,17339,116.54.32.102,6020,17,,Unknown
10.20.35.215,61658,39.156.54.66,80,6,39.156.54.66,HTTP
10.20.35.215,62160,120.69.131.187,60013,6,,Unknown
10.20.35.215,17339,219.132.116.168,5127,17,,Unknown
10.20.35.215,17339,113.140.63.185,17500,17,,Dropbox
10.20.35.215,17339,113.116.22.101,30942,17,,Unknown
10.20.35.215,61668,39.156.54.66,80,6,39.156.54.66,HTTP
10.20.35.215,62165,49.7.33.51,80,6,data6.video.iqiyi.com,HTTP.PPStream
10.20.35.215,17339,1.81.217.55,43723,17,,Unknown
10.20.35.215,17339,182.247.37.83,50177,17,,Unknown
10.20.35.215,17339,116.211.203.13,16700,17,,Unknown
10.20.35.215,61689,124.237.225.7,80,6,ip.geo.iqiyi.com,HTTP.PPStream
10.20.35.215,62168,49.7.32.166,443,6,homeai.iqiyi.com,TLS.PPStream
10.20.35.215,17339,124.225.246.182,28145,17,,Unknown
10.20.35.215,17339,125.85.68.152,18341,17,,Unknown
10.20.35.215,17339,116.253.39.209,2552,17,,Unknown
10.20.35.215,61697,49.7.33.13,443,6,act.vip.iqiyi.com,TLS.PPStream
10.20.35.215,17339,183.30.195.67,42730,17,,Unknown
10.20.35.215,62173,125.64.104.41,80,6,pic2.iqiyipic.com,HTTP.PPStream
10.20.35.215,17339,1.87.183.31,10713,17,,Unknown
10.20.35.215,17339,113.250.240.127,21504,17,,Unknown
10.20.35.215,33336,218.195.192.73,53,17,ndct-data.video.iqiyi.com,DNS.PPStream
10.20.35.215,17339,183.30.195.167,17615,17,,Unknown
10.20.35.215,62180,125.74.42.41,80,6,pic7.iqiyipic.com,HTTP.PPStream
10.20.35.215,17339,111.122.41.39,16562,17,,Unknown
10.20.35.215,17339,222.210.9.48,7040,17,,Unknown
10.20.35.215,61771,110.185.186.41,80,6,pic4.iqiyipic.com,HTTP.PPStream
10.20.35.215,17339,113.132.199.206,40960,17,,Unknown
10.20.35.215,17339,182.243.55.229,17422,17,,Unknown
10.20.35.215,62182,49.7.33.51,80,6,data6.video.iqiyi.com,HTTP.PPStream
10.20.35.215,62216,120.71.177.29,80,6,baiducdnct.inter.iqiyi.com,HTTP.PPStream
10.20.35.215,61769,125.64.104.41,80,6,pic2.iqiyipic.com,HTTP.PPStream
10.20.35.215,17339,113.86.239.78,23719,17,,Unknown
10.20.35.215,17339,220.172.118.88,36993,17,,Unknown
10.20.35.215,62185,110.185.186.41,80,6,pic4.iqiyipic.com,HTTP.PPStream
10.20.35.215,17339,42.103.135.89,5180,17,,Unknown
10.20.35.215,61775,36.110.238.54,80,6,msg.qy.net,HTTP.PPStream
10.20.35.215,17339,175.10.59.173,48013,17,,Unknown
10.20.35.215,62190,120.69.130.25,59306,6,,Unknown
10.20.35.215,17339,124.118.105.44,11496,17,,Unknown
10.20.35.215,61780,36.110.238.54,80,6,msg.qy.net,HTTP.PPStream
10.20.35.215,17339,182.241.211.153,33178,17,,Unknown
10.20.35.215,62193,113.133.156.165,8806,6,,Unknown
10.20.35.215,17339,182.240.105.65,20035,17,,Unknown
10.20.35.215,61827,219.151.25.41,80,6,pic0.iqiyipic.com,HTTP.PPStream
10.20.35.215,17339,1.194.84.116,49325,17,,Unknown
10.20.35.215,62198,49.7.33.96,443,6,emoticon-sns.iqiyi.com,TLS.PPStream
10.20.35.215,17339,1.86.235.8,42306,17,,Unknown
10.20.35.215,61829,118.180.40.41,80,6,pic9.iqiyipic.com,HTTP.PPStream
10.20.35.215,17339,112.67.184.113,33089,17,,Unknown
10.20.35.215,62208,120.71.177.29,80,6,baiducdnct.inter.iqiyi.com,HTTP.PPStream
10.20.35.215,17339,125.86.111.45,8885,17,,Unknown
10.20.35.215,61834,118.180.40.41,80,6,pic9.iqiyipic.com,HTTP.PPStream
10.20.35.215,17339,183.30.195.167,49680,17,,Unknown
10.20.35.215,62211,49.7.33.51,80,6,data6.video.iqiyi.com,HTTP.PPStream
10.20.35.215,17339,222.217.81.233,44059,17,,Unknown
10.20.35.215,61839,125.64.104.41,80,6,pic2.iqiyipic.com,HTTP.PPStream
10.20.35.215,17339,175.10.59.193,48013,17,,Unknown
10.20.35.215,17339,42.94.226.91,20558,17,,Unknown
10.20.35.215,17339,182.245.171.133,27121,17,,Unknown
10.20.35.215,61847,103.44.58.148,443,6,iface2.iqiyi.com,TLS.PPStream
10.20.35.215,62172,49.7.33.96,443,6,emoticon-sns.iqiyi.com,TLS.PPStream
10.20.35.215,17339,117.37.195.81,2061,17,,Unknown
10.20.35.215,17339,113.14.19.47,5314,17,,Unknown
10.20.35.215,61854,49.7.32.40,80,6,doh.iqiyi.com,HTTP.PPStream
10.20.35.215,62175,123.129.246.26,80,6,pic8.iqiyipic.com,HTTP.PPStream
10.20.35.215,17339,36.42.20.243,1025,17,,Unknown
10.20.35.215,17339,49.69.92.243,28464,17,,Unknown
10.20.35.215,61855,119.84.78.42,80,6,policy.video.iqiyi.com,HTTP.PPStream
10.20.35.215,62178,125.74.42.41,80,6,pic7.iqiyipic.com,HTTP.PPStream
10.20.35.215,17339,182.140.21.210,5838,17,,Unknown
10.20.35.215,17339,121.24.62.194,29751,17,,Unknown
10.20.35.215,61857,103.44.58.148,443,6,iface2.iqiyi.com,TLS.PPStream
10.20.35.215,17339,113.132.143.11,13385,17,,Unknown
10.20.35.215,17339,118.118.127.143,24055,17,,Unknown
10.20.35.215,17339,144.0.191.109,28743,17,,Unknown
10.20.35.215,17339,36.46.169.90,14619,17,,Unknown
10.20.35.215,61860,119.84.78.42,80,6,policy.video.iqiyi.com,HTTP.PPStream
10.20.35.215,17339,125.75.84.221,37901,17,,Unknown
10.20.35.215,62189,182.140.225.41,80,6,182.140.225.41,HTTP
10.20.35.215,17339,106.59.108.158,21834,17,,Unknown
10.20.35.215,61862,103.44.58.148,443,6,iface2.iqiyi.com,TLS.PPStream
10.20.35.215,17339,42.53.174.66,35856,17,,Unknown
10.20.35.215,62191,120.69.130.25,59306,6,,Unknown
10.20.35.215,17339,113.234.165.144,41074,17,,Unknown
10.20.35.215,61865,111.202.74.191,80,6,static-d.iqiyi.com,HTTP.PPStream
10.20.35.215,17339,106.226.101.159,39879,17,,Unknown
10.20.35.215,62194,113.133.156.165,8806,6,,Unknown
10.20.35.215,17339,106.57.252.151,30054,17,,Unknown
10.20.35.215,61870,111.202.74.191,80,6,static-d.iqiyi.com,HTTP.PPStream
10.20.35.215,17339,115.171.62.110,4453,17,,Unknown
10.20.35.215,62199,36.42.101.220,60759,6,,Unknown
10.20.35.215,17339,120.8.204.102,1146,17,,Unknown
10.20.35.215,61873,123.129.246.26,80,6,pic8.iqiyipic.com,HTTP.PPStream
10.20.35.215,60506,49.119.124.42,9200,17,,Unknown
10.20.35.215,17339,150.138.236.183,16800,17,,RTP
10.20.35.215,17339,183.161.94.250,41917,17,,Unknown
10.20.35.215,61880,119.84.78.42,80,6,policy.video.iqiyi.com,HTTP.PPStream
10.20.35.215,62207,49.7.33.51,80,6,data6.video.iqiyi.com,HTTP.PPStream
10.20.35.215,17339,60.162.244.204,29985,17,,Unknown
222.83.44.249,0,10.20.35.215,0,1,,ICMP
10.20.35.215,62209,36.110.238.54,80,6,msg.qy.net,HTTP.PPStream
10.20.35.215,62187,120.71.177.29,80,6,baiducdnct.inter.iqiyi.com,HTTP.PPStream
180.97.34.43,443,10.20.35.215,61596,6,,TLS
10.20.35.215,17339,49.118.128.195,21527,17,,RTP
10.20.35.215,62197,36.42.101.220,60759,6,,Unknown
10.20.35.215,60928,124.236.22.47,8000,17,,Unknown
10.20.35.215,17339,61.185.82.212,19937,17,,Unknown
10.20.35.215,62196,119.84.52.239,80,6,cmts.iqiyi.com,HTTP.PPStream
10.20.35.215,61891,119.84.52.242,80,6,static-s.iqiyi.com,HTTP.PPStream
10.20.35.215,17339,219.145.198.19,8945,17,,Unknown
10.20.35.215,62201,119.84.52.239,80,6,cmts.iqiyi.com,HTTP.PPStream
10.20.35.215,61896,119.84.52.242,80,6,static-s.iqiyi.com,HTTP.PPStream
10.20.35.215,17339,1.81.186.205,47424,17,,Unknown
10.20.35.215,62202,49.7.33.96,443,6,emoticon-sns.iqiyi.com,TLS.PPStream
10.20.35.215,61906,119.84.52.242,80,6,static-s.iqiyi.com,HTTP.PPStream
10.20.35.215,17339,222.219.16.47,47168,17,,Unknown
10.20.35.215,17339,122.190.66.157,19700,17,,Unknown
10.20.35.215,61901,119.84.52.242,80,6,static-s.iqiyi.com,HTTP.PPStream
10.20.35.215,17339,113.62.255.235,27882,17,,Unknown
10.20.35.215,62204,116.211.202.162,80,6,t7z.cupid.iqiyi.com,HTTP.PPStream
10.20.35.215,61914,49.7.33.29,80,6,login-mq.iqiyi.com,HTTP.PPStream
10.20.35.215,17339,106.117.39.45,25635,17,,Unknown
10.20.35.215,17339,222.84.184.8,54906,17,,Unknown
10.20.35.215,61915,111.13.234.60,5100,6,,MQTT
10.20.35.215,17339,222.216.155.125,50337,17,,Unknown
10.20.35.215,60000,10.20.35.255,60002,17,,Unknown
10.20.35.215,62212,120.71.177.29,80,6,baiducdnct.inter.iqiyi.com,HTTP.PPStream
10.20.35.215,60000,10.20.35.255,60007,17,,Unknown
10.20.35.215,62215,49.7.33.51,80,6,data6.video.iqiyi.com,HTTP.PPStream
10.20.35.215,61923,49.7.33.51,80,6,data6.video.iqiyi.com,HTTP.PPStream
10.20.35.215,17339,171.223.87.247,17167,17,,Unknown
10.20.35.215,17339,111.202.74.202,5004,17,,Unknown
10.20.35.215,17339,115.150.27.155,24608,17,,Unknown
10.20.35.215,17339,39.156.40.8,5004,17,,Unknown
10.20.35.215,17339,36.5.45.38,22840,17,,Unknown
10.20.35.215,17339,122.190.67.190,5004,17,,Unknown
10.20.35.215,61925,36.110.238.54,80,6,msg.qy.net,HTTP.PPStream
10.20.35.215,51768,239.255.255.250,1900,17,239.255.255.250:1900,SSDP
10.20.35.215,61937,119.84.52.238,443,6,dl-static.iqiyi.com,TLS.PPStream
10.20.35.215,61962,111.202.74.191,443,6,security.iqiyi.com,TLS.PPStream
10.20.35.215,17339,115.231.179.163,16900,17,,Unknown
10.20.35.215,17339,106.123.55.89,19770,17,,Unknown
10.20.35.215,17339,49.118.201.66,7229,17,,Unknown
10.20.35.215,17339,110.152.10.178,35753,17,,Unknown
10.20.35.215,17339,110.152.62.10,4878,17,,Unknown
10.20.35.215,17339,49.118.204.123,33694,17,,Unknown
10.20.35.215,17339,106.124.240.122,17991,17,,Unknown
10.20.35.215,17339,49.119.79.81,36215,17,,Unknown
10.20.35.215,61966,36.99.3.41,443,6,dy-pic0.iqiyipic.com,TLS.PPStream
10.20.35.215,61969,111.63.147.24,443,6,cook.iqiyi.com,TLS.PPStream
10.20.35.215,61976,124.237.225.7,443,6,mesh.if.iqiyi.com,TLS.PPStream
10.20.35.215,61989,118.180.40.41,80,6,pic9.iqiyipic.com,HTTP.PPStream
10.20.35.215,61992,219.151.25.41,80,6,pic0.iqiyipic.com,HTTP.PPStream
10.20.35.215,61999,118.180.40.41,80,6,pic9.iqiyipic.com,HTTP.PPStream
10.20.35.215,62004,125.64.104.41,80,6,pic2.iqiyipic.com,HTTP.PPStream
10.20.35.215,62006,110.185.186.41,80,6,pic4.iqiyipic.com,HTTP.PPStream
10.20.35.215,62012,219.151.25.41,80,6,pic0.iqiyipic.com,HTTP.PPStream
10.20.35.215,62019,118.180.40.41,80,6,pic9.iqiyipic.com,HTTP.PPStream
10.20.35.215,62024,125.64.104.41,80,6,pic2.iqiyipic.com,HTTP.PPStream
10.20.35.215,62029,36.99.3.41,80,6,pic3.iqiyipic.com,HTTP.PPStream
10.20.35.215,62037,219.151.25.41,80,6,pic0.iqiyipic.com,HTTP.PPStream
10.20.35.215,62041,36.42.32.1,80,6,msedge.b.tlu.dl.delivery.mp.microsoft.com,HTTP.WindowsUpdate
10.20.35.215,62043,125.74.40.41,80,6,pic3.iqiyipic.com,HTTP.PPStream
10.20.35.215,62049,118.180.40.41,80,6,pic5.iqiyipic.com,HTTP.PPStream
10.20.35.215,62058,123.129.246.26,80,6,pic8.iqiyipic.com,HTTP.PPStream
10.20.35.215,62059,36.99.3.41,80,6,pic3.iqiyipic.com,HTTP.PPStream
10.20.35.215,62060,106.38.212.74,443,6,sns-comment.iqiyi.com,TLS.PPStream
10.20.35.215,62068,103.44.58.19,80,6,cache.video.iqiyi.com,HTTP.PPStream
10.20.35.215,62070,36.110.238.54,80,6,msg.qy.net,HTTP.PPStream
10.20.35.215,17339,42.92.101.111,13297,17,,Unknown
10.20.35.215,17339,14.122.171.206,25875,17,,Unknown
10.20.35.215,17339,36.44.102.215,10441,17,,Unknown
10.20.35.215,17339,222.245.41.177,53123,17,,Unknown
10.20.35.215,17339,171.106.151.220,63880,17,,Unknown
10.20.35.215,17339,113.93.91.196,5640,17,,Unknown
10.20.35.215,62077,49.7.32.148,80,6,,HTTP
10.20.35.215,62085,182.140.225.41,80,6,182.140.225.41,HTTP
10.20.35.215,62086,52.222.214.109,80,6,b.scorecardresearch.com,HTTP
10.20.35.215,62087,49.7.33.13,443,6,api.vip.iqiyi.com,TLS.PPStream
10.20.35.215,62100,43.225.85.245,80,6,api.afdback.ppsimg.com,HTTP
10.20.35.215,62116,124.237.225.7,443,6,mesh.if.iqiyi.com,TLS.PPStream
10.20.35.215,62118,36.110.238.56,80,6,msga.cupid.iqiyi.com,HTTP.PPStream
10.20.35.215,62120,120.71.177.29,80,6,baiducdnct.inter.iqiyi.com,HTTP.PPStream
10.20.35.215,62124,113.142.83.0,80,6,aliyuncoccdnct-xb.inter.iqiyi.com,HTTP.PPStream
10.20.35.215,17339,125.89.27.198,21514,17,,Unknown
10.20.35.215,17339,223.198.6.208,21388,17,,Unknown
10.20.35.215,17339,110.190.131.99,30028,17,,Unknown
10.20.35.215,17339,183.32.129.24,43989,17,,Unknown
10.20.35.215,17339,113.13.145.155,13277,17,,Unknown
10.20.35.215,17339,14.156.51.229,20728,17,,Unknown
10.20.35.215,17339,171.107.149.6,4374,17,,Unknown
10.20.35.215,17339,116.21.232.178,13546,17,,Unknown
10.20.35.215,62127,49.7.32.148,80,6,scs-hcdn.iqiyi.com,HTTP.PPStream
10.20.35.215,62135,36.110.238.54,80,6,msg.qy.net,HTTP.PPStream
10.20.35.215,17339,124.31.78.37,55562,17,,Unknown
10.20.35.215,17339,114.139.228.3,15613,17,,Unknown
10.20.35.215,17339,122.159.172.242,16063,17,,Unknown
10.20.35.215,62142,119.84.52.238,443,6,static-s.iqiyi.com,TLS.PPStream
10.20.35.215,62150,120.71.177.29,80,6,baiducdnct.inter.iqiyi.com,HTTP.PPStream
10.20.35.215,62153,1.71.157.41,80,6,m.iqiyipic.com,HTTP.PPStream
10.20.35.215,62155,36.110.238.54,80,6,msg.qy.net,HTTP.PPStream
10.20.35.215,62157,120.69.130.68,64499,6,,Unknown
10.20.35.215,62166,49.7.32.166,443,6,homeai.iqiyi.com,TLS.PPStream
10.20.35.215,17339,183.30.195.213,15457,17,,Unknown
10.20.35.215,17339,1.81.217.52,51462,17,,Unknown
10.20.35.215,17339,183.30.195.215,49680,17,,Unknown
10.20.35.215,17339,113.118.15.195,15497,17,,Unknown
10.20.35.215,17339,182.246.156.106,20893,17,,Unknown
10.20.35.215,17339,171.14.148.224,35631,17,,Unknown
10.20.35.215,17339,183.30.195.215,17615,17,,Unknown
10.20.35.215,62181,23.202.34.233,80,6,www.msftconnecttest.com,HTTP.Microsoft
10.20.35.215,62184,118.180.40.41,80,6,pic9.iqiyipic.com,HTTP.PPStream
10.20.35.215,17339,60.164.25.170,3894,17,,Unknown
10.20.35.215,17339,113.132.91.159,31223,17,,Unknown
10.20.35.215,17339,219.144.16.59,5475,17,,Unknown
10.20.35.215,17339,222.220.232.37,13361,17,,Unknown
10.20.35.215,17339,171.105.170.36,8120,17,,Unknown
10.20.35.215,17339,1.49.209.255,25404,17,,Unknown
10.20.35.215,17339,1.48.230.106,2398,17,,Unknown
10.20.35.215,17339,112.114.97.36,8393,17,,Unknown
10.20.35.215,17339,222.244.194.232,9216,17,,Unknown
10.20.35.215,62188,58.42.14.41,80,6,preimage2.iqiyipic.com,HTTP.PPStream
10.20.35.215,62192,120.69.130.25,59306,6,,Unknown
10.20.35.215,62195,113.133.156.165,8806,6,,Unknown
10.20.35.215,62200,36.42.101.220,60759,6,,Unknown
10.20.35.215,17339,171.110.168.163,30351,17,,Unknown
10.20.35.215,17339,218.88.17.122,11108,17,,Unknown
10.20.35.215,0,218.195.192.73,0,1,,ICMP
10.20.35.215,17339,110.191.155.54,3073,17,,Unknown
10.20.35.215,17339,125.72.27.178,11176,17,,Unknown
10.20.35.215,17339,113.134.156.69,9221,17,,Unknown
10.20.35.215,17339,113.140.17.52,25521,17,,Unknown
10.20.35.215,17339,1.85.244.28,58624,17,,Unknown
10.20.35.215,17339,125.211.191.137,1024,17,,Unknown
10.20.35.215,17339,182.240.143.24,7178,17,,Unknown
10.20.35.215,17339,222.179.205.151,28316,17,,Unknown
10.20.35.215,17339,183.167.154.223,49091,17,,Unknown
10.20.35.215,17339,183.149.222.75,39539,17,,Unknown
115.171.62.110,5020,10.20.35.215,17339,17,,Unknown
10.20.35.215,17339,113.16.59.40,41219,17,,Unknown
